day_of_week,transaction_count,total_revenue,avg_transaction_value
1,987,650900.0,659.4731509625127
2,506,310086.0,612.8181818181819
3,572,365697.0,639.3304195804196
4,951,632048.0,664.6140904311251
5,623,404261.0,648.8940609951846
6,742,478413.0,644.7614555256065
7,1091,686494.0,629.2337305224564
