truck_name,total_transactions,total_revenue,avg_transaction_value,fsa_rating,has_card_reader
Burrito Madness,1416,1097748.0,775.2457627118644,4,1
Cupcakes by Michelle,1354,790446.0,583.7858197932053,5,1
Kings of Kebabs,888,717171.0,807.625,2,1
Yoghurt Heaven,924,500424.0,541.5844155844156,4,1
SuperSmoothie,564,331336.0,587.4751773049645,3,0
Hartmann's Jellied Eels,326,90774.0,278.44785276073617,4,1
